DROP DATABASE IF EXISTS RestauranteVinhasDDionisio;
 
CREATE DATABASE RestauranteVinhasDDionisio;
 
USE RestauranteVinhasDDionisio;

-- Tabela de Filial
CREATE TABLE filial (
    id_filial SERIAL PRIMARY KEY,
    nome_filial VARCHAR(100),
    endereco VARCHAR(255)
);

-- Inserindo dados na tabela de Filiais
INSERT INTO filial (nome_filial, endereco) VALUES
('RestauranteVinhasDDionisio Central', 'Rua Principal, 123'),
('RestauranteVinhasDDionisio Norte', 'Avenida Norte, 456');

-- Tabela de Usuário
CREATE TABLE usuario (
    id_usuario SERIAL PRIMARY KEY,
    nome VARCHAR(100),
    cpf VARCHAR(11) UNIQUE,
    email VARCHAR(100) UNIQUE,
    senha VARCHAR(100),
    sexo VARCHAR(10),
    idade INT,
    data_cadastro DATE
);

-- Inserindo dados na tabela de Usuário
INSERT INTO usuario (nome, cpf, email, senha, sexo, idade, data_cadastro) VALUES
('Lucas Lima', '11111111111', 'lucas.lima@example.com', 'senha123', 'Masculino', 26, '2023-08-11'),
('Aline Costa', '22222222222', 'aline.costa@example.com', 'senha123', 'Feminino', 31, '2023-08-12'),
('Fernando Rocha', '33333333333', 'fernando.rocha@example.com', 'senha123', 'Masculino', 29, '2023-08-13'),
('Juliana Alves', '44444444444', 'juliana.alves@example.com', 'senha123', 'Feminino', 23, '2023-08-14'),
('Roberto Dias', '55555555555', 'roberto.dias@example.com', 'senha123', 'Masculino', 40, '2023-08-15'),
('Marcia Soares', '66666666666', 'marcia.soares@example.com', 'senha123', 'Feminino', 37, '2023-08-16'),
('Renato Martins', '77777777777', 'renato.martins@example.com', 'senha123', 'Masculino', 32, '2023-08-17'),
('Patricia Pires', '88888888888', 'patricia.pires@example.com', 'senha123', 'Feminino', 25, '2023-08-18'),
('Guilherme Torres', '99999999999', 'guilherme.torres@example.com', 'senha123', 'Masculino', 36, '2023-08-19'),
('Fabiana Rocha', '00000000001', 'fabiana.rocha@example.com', 'senha123', 'Feminino', 34, '2023-08-20'),
('Vinicius Santos', '12312312312', 'vinicius.santos@example.com', 'senha123', 'Masculino', 28, '2023-08-21'),
('Cinthia Lopes', '23423423423', 'cinthia.lopes@example.com', 'senha123', 'Feminino', 29, '2023-08-22'),
('Rafael Nascimento', '34534534534', 'rafael.nascimento@example.com', 'senha123', 'Masculino', 30, '2023-08-23'),
('Bruna Silva', '45645645645', 'bruna.silva@example.com', 'senha123', 'Feminino', 24, '2023-08-24'),
('Eduardo Martins', '56756756756', 'eduardo.martins@example.com', 'senha123', 'Masculino', 38, '2023-08-25'),
('Larissa Oliveira', '67867867867', 'larissa.oliveira@example.com', 'senha123', 'Feminino', 27, '2023-08-26'),
('Tiago Gomes', '78978978978', 'tiago.gomes@example.com', 'senha123', 'Masculino', 31, '2023-08-27'),
('Sofia Almeida', '89089089089', 'sofia.almeida@example.com', 'senha123', 'Feminino', 32, '2023-08-28'),
('Bruno Ferreira', '90190190190', 'bruno.ferreira@example.com', 'senha123', 'Masculino', 36, '2023-08-29'),
('Mariana Freitas', '01201201201', 'mariana.freitas@example.com', 'senha123', 'Feminino', 29, '2023-08-30'),
('Felipe Mendes', '12312312313', 'felipe.mendes@example.com', 'senha123', 'Masculino', 28, '2023-08-31'),
('Rafaela Pereira', '23423423424', 'rafaela.pereira@example.com', 'senha123', 'Feminino', 25, '2023-09-01'),
('Samuel Costa', '34534534535', 'samuel.costa@example.com', 'senha123', 'Masculino', 35, '2023-09-02'),
('Jessica Ribeiro', '45645645646', 'jessica.ribeiro@example.com', 'senha123', 'Feminino', 32, '2023-09-03'),
('Anderson Lima', '56756756757', 'anderson.lima@example.com', 'senha123', 'Masculino', 29, '2023-09-04'),
('Tatiane Silva', '67867867868', 'tatiane.silva@example.com', 'senha123', 'Feminino', 28, '2023-09-05'),
('Leandro Santos', '78978978979', 'leandro.santos@example.com', 'senha123', 'Masculino', 33, '2023-09-06'),
('Natália Costa', '89089089080', 'natalia.costa@example.com', 'senha123', 'Feminino', 24, '2023-09-07'),
('Hugo Almeida', '90190190191', 'hugo.almeida@example.com', 'senha123', 'Masculino', 36, '2023-09-08'),
('Gisele Martins', '01201201202', 'gisele.martins@example.com', 'senha123', 'Feminino', 35, '2023-09-09'),
('Daniel Souza', '12312312314', 'daniel.souza@example.com', 'senha123', 'Masculino', 30, '2023-09-10'),
('Claudia Pires', '23423423425', 'claudia.pires@example.com', 'senha123', 'Feminino', 29, '2023-09-11'),
('Sérgio Rocha', '34534534536', 'sergio.rocha@example.com', 'senha123', 'Masculino', 34, '2023-09-12'),
('Michele Oliveira', '45645645647', 'michele.oliveira@example.com', 'senha123', 'Feminino', 30, '2023-09-13'),
('Diego Ferreira', '56756756758', 'diego.ferreira@example.com', 'senha123', 'Masculino', 33, '2023-09-14'),
('Patrícia Almeida', '67867867869', 'patricia.almeida@example.com', 'senha123', 'Feminino', 34, '2023-09-15'),
('Vinícius Torres', '78978978970', 'vinicius.torres@example.com', 'senha123', 'Masculino', 31, '2023-09-16'),
('Fátima Gomes', '89089089081', 'fatima.gomes@example.com', 'senha123', 'Feminino', 32, '2023-09-17'),
('César Lima', '90190190192', 'cesar.lima@example.com', 'senha123', 'Masculino', 36, '2023-09-18'),
('Robson Nascimento', '01201201203', 'robson.nascimento@example.com', 'senha123', 'Masculino', 30, '2023-09-19'),
('Silvana Freitas', '12312312315', 'silvana.freitas@example.com', 'senha123', 'Feminino', 28, '2023-09-20'),
('Gustavo Ribeiro', '23423423426', 'gustavo.ribeiro@example.com', 'senha123', 'Masculino', 33, '2023-09-21'),
('Natália Martins', '34534534537', 'natalia.martins@example.com', 'senha123', 'Feminino', 29, '2023-09-22'),
('Adriano Ferreira', '45645645648', 'adriano.ferreira@example.com', 'senha123', 'Masculino', 31, '2023-09-23'),
('Lúcia Almeida', '56756756759', 'lucia.almeida@example.com', 'senha123', 'Feminino', 25, '2023-09-24'),
('Ricardo Torres', '67867867870', 'ricardo.torres@example.com', 'senha123', 'Masculino', 37, '2023-09-25'),
('Vanessa Silva', '78978978971', 'vanessa.silva@example.com', 'senha123', 'Feminino', 26, '2023-09-26'),
('Hugo Martins', '89089089082', 'hugo.martins@example.com', 'senha123', 'Masculino', 29, '2023-09-27'),
('Juliana Costa', '90190190193', 'juliana.costa@example.com', 'senha123', 'Feminino', 28, '2023-09-28'),
('Thiago Lima', '01201201204', 'thiago.lima@example.com', 'senha123', 'Masculino', 31, '2023-09-29'),
('Caroline Ferreira', '12312312316', 'caroline.ferreira@example.com', 'senha123', 'Feminino', 32, '2023-09-30'),
('Leandro Ribeiro', '23423423427', 'leandro.ribeiro@example.com', 'senha123', 'Masculino', 34, '2023-10-01'),
('Aline Souza', '34534534538', 'aline.souza@example.com', 'senha123', 'Feminino', 35, '2023-10-02'),
('Felipe Almeida', '45645645649', 'felipe.almeida@example.com', 'senha123', 'Masculino', 36, '2023-10-03'),
('Sabrina Gomes', '56756756760', 'sabrina.gomes@example.com', 'senha123', 'Feminino', 29, '2023-10-04'),
('Renato Pires', '67867867871', 'renato.pires@example.com', 'senha123', 'Masculino', 38, '2023-10-05'),
('Camila Costa', '78978978972', 'camila.costa@example.com', 'senha123', 'Feminino', 26, '2023-10-06'),
('Eduardo Martins', '89089089083', 'eduardo.martins@example.com', 'senha123', 'Masculino', 30, '2023-10-07'),
('Talita Lima', '90190190194', 'talita.lima@example.com', 'senha123', 'Feminino', 27, '2023-10-08'),
('Thiago Santos', '01201201205', 'thiago.santos@example.com', 'senha123', 'Masculino', 32, '2023-10-09'),
('Patricia Ribeiro', '12312312317', 'patricia.ribeiro@example.com', 'senha123', 'Feminino', 33, '2023-10-10'),
('Gustavo Torres', '23423423428', 'gustavo.torres@example.com', 'senha123', 'Masculino', 34, '2023-10-11'),
('Jessica Nascimento', '34534534539', 'jessica.nascimento@example.com', 'senha123', 'Feminino', 30, '2023-10-12'),
('André Almeida', '45645645650', 'andre.almeida@example.com', 'senha123', 'Masculino', 29, '2023-10-13'),
('Karina Oliveira', '56756756761', 'karina.oliveira@example.com', 'senha123', 'Feminino', 31, '2023-10-14'),
('Fernando Lima', '67867867872', 'fernando.lima@example.com', 'senha123', 'Masculino', 36, '2023-10-15'),
('Mariana Silva', '78978978973', 'mariana.silva@example.com', 'senha123', 'Feminino', 28, '2023-10-16'),
('Lucas Ferreira', '89089089084', 'lucas.ferreira@example.com', 'senha123', 'Masculino', 32, '2023-10-17'),
('Tatiane Almeida', '90190190195', 'tatiane.almeida@example.com', 'senha123', 'Feminino', 33, '2023-10-18'),
('Robson Martins', '01201201206', 'robson.martins@example.com', 'senha123', 'Masculino', 31, '2023-10-19'),
('Leticia Gomes', '12312312318', 'leticia.gomes@example.com', 'senha123', 'Feminino', 30, '2023-10-20'),
('Diego Ribeiro', '23423423429', 'diego.ribeiro@example.com', 'senha123', 'Masculino', 34, '2023-10-21'),
('Carla Freitas', '34534534540', 'carla.freitas@example.com', 'senha123', 'Feminino', 25, '2023-10-22'),
('Victor Almeida', '45645645651', 'victor.almeida@example.com', 'senha123', 'Masculino', 37, '2023-10-23'),
('Renata Lima', '56756756762', 'renata.lima@example.com', 'senha123', 'Feminino', 26, '2023-10-24'),
('Guilherme Nascimento', '67867867873', 'guilherme.nascimento@example.com', 'senha123', 'Masculino', 35, '2023-10-25'),
('Michele Costa', '78978978974', 'michele.costa@example.com', 'senha123', 'Feminino', 29, '2023-10-26'),
('Samuel Pires', '89089089085', 'samuel.pires@example.com', 'senha123', 'Masculino', 33, '2023-10-27'),
('Natália Almeida', '90190190196', 'natalia.almeida@example.com', 'senha123', 'Feminino', 30, '2023-10-28'),
('Adriano Gomes', '01201201207', 'adriano.gomes@example.com', 'senha123', 'Masculino', 38, '2023-10-29'),
('Viviane Torres', '12312312319', 'viviane.torres@example.com', 'senha123', 'Feminino', 32, '2023-10-30'),
('Cláudio Silva', '23423423430', 'claudio.silva@example.com', 'senha123', 'Masculino', 31, '2023-10-31'),
('Sabrina Costa', '34534534541', 'sabrina.costa@example.com', 'senha123', 'Feminino', 27, '2023-11-01'),
('Fernando Ribeiro', '45645645652', 'fernando.ribeiro@example.com', 'senha123', 'Masculino', 34, '2023-11-02'),
('Jessica Freitas', '56756756763', 'jessica.freitas@example.com', 'senha123', 'Feminino', 29, '2023-11-03'),
('Thiago Nascimento', '67867867874', 'thiago.nascimento@example.com', 'senha123', 'Masculino', 32, '2023-11-04'),
('Tatiane Silva', '78978978975', 'tatiane.silva@example.com', 'senha123', 'Feminino', 30, '2023-11-05'),
('Hugo Costa', '89089089086', 'hugo.costa@example.com', 'senha123', 'Masculino', 31, '2023-11-06'),
('Camila Almeida', '90190190197', 'camila.almeida@example.com', 'senha123', 'Feminino', 34, '2023-11-07'),
('André Lima', '01201201208', 'andre.lima@example.com', 'senha123', 'Masculino', 33, '2023-11-08'),
('Vanessa Ferreira', '12312312320', 'vanessa.ferreira@example.com', 'senha123', 'Feminino', 28, '2023-11-09'),
('Eduardo Almeida', '23423423431', 'eduardo.almeida@example.com', 'senha123', 'Masculino', 37, '2023-11-10'),
('Fernanda Pires', '34534534542', 'fernanda.pires@example.com', 'senha123', 'Feminino', 25, '2023-11-11'),
('Gustavo Santos', '45645645653', 'gustavo.santos@example.com', 'senha123', 'Masculino', 34, '2023-11-12'),
('Lívia Nascimento', '56756756764', 'livia.nascimento@example.com', 'senha123', 'Feminino', 26, '2023-11-13'),
('Ricardo Martins', '67867867875', 'ricardo.martins@example.com', 'senha123', 'Masculino', 30, '2023-11-14'),
('Aline Almeida', '78978978976', 'aline.almeida@example.com', 'senha123', 'Feminino', 29, '2023-11-15'),
('Samuel Santos', '89089089087', 'samuel.santos@example.com', 'senha123', 'Masculino', 31, '2023-11-16'),
('Giselle Ferreira', '90190190198', 'giselle.ferreira@example.com', 'senha123', 'Feminino', 32, '2023-11-17'),
('Thiago Costa', '01201201209', 'thiago.costa@example.com', 'senha123', 'Masculino', 34, '2023-11-18'),
('Jéssica Lima', '12312312321', 'jessica.lima@example.com', 'senha123', 'Feminino', 33, '2023-11-19'),
('Victor Almeida', '23423423432', 'victor.almeida@example.com', 'senha123', 'Masculino', 36, '2023-11-20'),
('Patricia Pires', '34534534543', 'patricia.pires@example.com', 'senha123', 'Feminino', 25, '2023-11-21'),
('Bruno Nascimento', '45645645654', 'bruno.nascimento@example.com', 'senha123', 'Masculino', 29, '2023-11-22'),
('Sabrina Santos', '56756756765', 'sabrina.santos@example.com', 'senha123', 'Feminino', 30, '2023-11-23'),
('Fernando Almeida', '67867867876', 'fernando.almeida@example.com', 'senha123', 'Masculino', 31, '2023-11-24'),
('Mariana Costa', '78978978977', 'mariana.costa@example.com', 'senha123', 'Feminino', 32, '2023-11-25'),
('Diego Pires', '89089089088', 'diego.pires@example.com', 'senha123', 'Masculino', 33, '2023-11-26'),
('Lais Freitas', '90190190199', 'lais.freitas@example.com', 'senha123', 'Feminino', 28, '2023-11-27'),
('Ricardo Gomes', '01201201210', 'ricardo.gomes@example.com', 'senha123', 'Masculino', 34, '2023-11-28'),
('Nathalia Almeida', '12312312322', 'nathalia.almeida@example.com', 'senha123', 'Feminino', 30, '2023-11-29'),
('Gabriel Silva', '23423423433', 'gabriel.silva@example.com', 'senha123', 'Masculino', 31, '2023-11-30'),
('Fabiana Ferreira', '34534534544', 'fabiana.ferreira@example.com', 'senha123', 'Feminino', 32, '2023-12-01'),
('Anderson Ribeiro', '45645645655', 'anderson.ribeiro@example.com', 'senha123', 'Masculino', 35, '2023-12-02'),
('Tatiane Santos', '56756756766', 'tatiane.santos@example.com', 'senha123', 'Feminino', 29, '2023-12-03'),
('Hugo Pires', '67867867877', 'hugo.pires@example.com', 'senha123', 'Masculino', 36, '2023-12-04'),
('Juliana Almeida', '78978978978', 'juliana.almeida@example.com', 'senha123', 'Feminino', 30, '2023-12-05'),
('Lucas Ferreira', '89089089089', 'lucas.ferreira@example.com', 'senha123', 'Masculino', 32, '2023-12-06'),
('Michele Costa', '90190190200', 'michele.costa@example.com', 'senha123', 'Feminino', 31, '2023-12-07');


-- Tabela de Funcionário
CREATE TABLE funcionario (
    id_funcionario SERIAL PRIMARY KEY,
    nome VARCHAR(100),
    cpf VARCHAR(11) UNIQUE,
    email VARCHAR(100) UNIQUE,
    cargo VARCHAR(50),
    salario DECIMAL(10, 2),
    data_admissao DATE,
    id_filial BIGINT UNSIGNED,
    FOREIGN KEY (id_filial) REFERENCES filial(id_filial)
);

-- Inserindo dados na tabela de Funcionário
INSERT INTO funcionario (nome, cpf, email, cargo, salario, data_admissao, id_filial) VALUES
('Carlos Mendes', '12345678902', 'carlos@example.com', 'Gerente', 4500.00, '2023-01-01', 1),
('Paula Andrade', '23456789013', 'paula@example.com', 'Chefe de Cozinha', 5000.00, '2023-01-05', 2),
('Ricardo Lima', '34567890124', 'ricardo@example.com', 'Cozinheiro', 3000.00, '2023-02-15', 1),
('Fernanda Rosa', '45678901235', 'fernanda@example.com', 'Atendente', 2000.00, '2023-03-10', 2),
('Tiago Souza', '56789012346', 'tiago@example.com', 'Garçom', 2200.00, '2023-04-20', 1),
('Juliana Costa', '67890123457', 'juliana@example.com', 'Atendente', 2000.00, '2023-05-12', 2),
('Rafael Vieira', '78901234568', 'rafael@example.com', 'Garçom', 2200.00, '2023-06-18', 1),
('Mariana Silva', '89012345679', 'mariana@example.com', 'Auxiliar de Cozinha', 1800.00, '2023-07-22', 2),
('Bruno Oliveira', '90123456780', 'bruno@example.com', 'Cozinheiro', 3000.00, '2023-08-01', 1),
('Renata Lopes', '01234567891', 'renata@example.com', 'Chefe de Cozinha', 5000.00, '2023-08-10', 2),
('Ana Pereira', '23456789021', 'ana@example.com', 'Gerente', 4500.00, '2023-01-12', 1),
('Lucas Martins', '34567890132', 'lucas@example.com', 'Chefe de Cozinha', 5000.00, '2023-01-20', 2),
('Sofia Alves', '45678901243', 'sofia@example.com', 'Cozinheiro', 3000.00, '2023-02-05', 1),
('Daniela Costa', '56789012354', 'daniela@example.com', 'Atendente', 2000.00, '2023-03-15', 2),
('Gabriel Fernandes', '67890123465', 'gabriel@example.com', 'Garçom', 2200.00, '2023-04-25', 1),
('Camila Oliveira', '78901234576', 'camila@example.com', 'Atendente', 2000.00, '2023-05-20', 2),
('Mateus Lima', '89012345687', 'mateus@example.com', 'Garçom', 2200.00, '2023-06-30', 1),
('Lúcia Almeida', '90123456798', 'lucia@example.com', 'Auxiliar de Cozinha', 1800.00, '2023-07-10', 2),
('Felipe Silva', '01234567802', 'felipe@example.com', 'Cozinheiro', 3000.00, '2023-08-15', 1),
('Juliana Santos', '12345678913', 'juliana.santos@example.com', 'Chefe de Cozinha', 5000.00, '2023-08-25', 2),
('João Pedro', '23456789032', 'joao.pedro@example.com', 'Gerente', 4500.00, '2023-09-01', 1),
('Mariana Oliveira', '34567890143', 'mariana.oliveira@example.com', 'Chefe de Cozinha', 5000.00, '2023-09-05', 2),
('Roberta Almeida', '45678901254', 'roberta@example.com', 'Cozinheiro', 3000.00, '2023-09-10', 1),
('Carlos Alberto', '56789012365', 'carlos.alberto@example.com', 'Atendente', 2000.00, '2023-09-15', 2),
('Renan Costa', '67890123476', 'renan@example.com', 'Garçom', 2200.00, '2023-09-20', 1),
('Patrícia Lima', '78901234587', 'patricia@example.com', 'Atendente', 2000.00, '2023-09-25', 2),
('Thiago Pereira', '89012345698', 'thiago@example.com', 'Garçom', 2200.00, '2023-09-30', 1),
('Beatriz Silva', '90123456709', 'beatriz@example.com', 'Auxiliar de Cozinha', 1800.00, '2023-10-05', 2),
('Eduardo Santos', '01234567813', 'eduardo@example.com', 'Cozinheiro', 3000.00, '2023-10-10', 1),
('Ana Luiza', '12345678924', 'ana.luiza@example.com', 'Chefe de Cozinha', 5000.00, '2023-10-15', 2),
('Lucas Freitas', '23456789043', 'lucas.freitas@example.com', 'Gerente', 4500.00, '2023-10-20', 1),
('Isabela Almeida', '34567890154', 'isabela@example.com', 'Chefe de Cozinha', 5000.00, '2023-10-25', 2),
('Vitor Martins', '45678901265', 'vitor@example.com', 'Cozinheiro', 3000.00, '2023-11-01', 1),
('Gabriela Souza', '56789012376', 'gabriela@example.com', 'Atendente', 2000.00, '2023-11-05', 2),
('Pedro Henrique', '67890123487', 'pedro@example.com', 'Garçom', 2200.00, '2023-11-10', 1),
('Larissa Costa', '78901234598', 'larissa@example.com', 'Atendente', 2000.00, '2023-11-15', 2),
('Arthur Lima', '89012345609', 'arthur@example.com', 'Garçom', 2200.00, '2023-11-20', 1),
('Júlia Oliveira', '90123456710', 'julia@example.com', 'Auxiliar de Cozinha', 1800.00, '2023-11-25', 2),
('Rafael Santos', '01234567824', 'rafael.santos@example.com', 'Cozinheiro', 3000.00, '2023-12-01', 1),
('Amanda Rodrigues', '12345678935', 'amanda@example.com', 'Chefe de Cozinha', 5000.00, '2023-12-05', 2),
('João Paulo', '23456789054', 'joao.paulo@example.com', 'Gerente', 4500.00, '2023-12-10', 1),
('Clara Almeida', '34567890165', 'clara@example.com', 'Chefe de Cozinha', 5000.00, '2023-12-15', 2),
('Gustavo Martins', '45678901276', 'gustavo@example.com', 'Cozinheiro', 3000.00, '2023-12-20', 1),
('Laura Costa', '56789012387', 'laura@example.com', 'Atendente', 2000.00, '2023-12-25', 2),
('Henrique Lima', '67890123498', 'henrique@example.com', 'Garçom', 2200.00, '2023-12-30', 1),
('Fernanda Silva', '78901234509', 'fernanda.silva@example.com', 'Atendente', 2000.00, '2024-01-05', 2),
('João Victor', '89012345610', 'joao.victor@example.com', 'Garçom', 2200.00, '2024-01-10', 1),
('Mariana Oliveira', '90123456721', 'mariana.oliveira@example.com', 'Auxiliar de Cozinha', 1800.00, '2024-01-15', 2),
('Eduardo Pereira', '01234567835', 'eduardo.pereira@example.com', 'Cozinheiro', 3000.00, '2024-01-20', 1),
('Bianca Andrade', '12345678946', 'bianca@example.com', 'Chefe de Cozinha', 5000.00, '2024-01-25', 2),
('Robson Freitas', '23456789065', 'robson@example.com', 'Gerente', 4500.00, '2024-02-01', 1),
('Juliana Silva', '34567890176', 'juliana.silva@example.com', 'Chefe de Cozinha', 5000.00, '2024-02-05', 2),
('Daniel Martins', '45678901287', 'daniel@example.com', 'Cozinheiro', 3000.00, '2024-02-10', 1),
('Lívia Costa', '56789012398', 'livia@example.com', 'Atendente', 2000.00, '2024-02-15', 2),
('Mateus Souza', '67890123409', 'mateus.souza@example.com', 'Garçom', 2200.00, '2024-02-20', 1),
('Camila Freitas', '78901234510', 'camila.freitas@example.com', 'Atendente', 2000.00, '2024-02-25', 2),
('Carlos Eduardo', '89012345621', 'carlos.eduardo@example.com', 'Garçom', 2200.00, '2024-03-01', 1),
('Tatiane Lima', '90123456732', 'tatiane@example.com', 'Auxiliar de Cozinha', 1800.00, '2024-03-05', 2),
('Gustavo Silva', '01234567846', 'gustavo.silva@example.com', 'Cozinheiro', 3000.00, '2024-03-10', 1),
('Mariana Costa', '12345678957', 'mariana.costa@example.com', 'Chefe de Cozinha', 5000.00, '2024-03-15', 2),
('Thiago Costa', '23456789076', 'thiago.costa@example.com', 'Gerente', 4500.00, '2024-03-20', 1),
('Patrícia Silva', '34567890187', 'patricia.silva@example.com', 'Chefe de Cozinha', 5000.00, '2024-03-25', 2),
('Eduardo Lima', '45678901298', 'eduardo.lima@example.com', 'Cozinheiro', 3000.00, '2024-04-01', 1),
('Isabella Souza', '56789012309', 'isabella@example.com', 'Atendente', 2000.00, '2024-04-05', 2),
('Gabriel Costa', '67890123410', 'gabriel.costa@example.com', 'Garçom', 2200.00, '2024-04-10', 1),
('Juliana Silva', '78901234521', 'juliana.silva@example.com', 'Atendente', 2000.00, '2024-04-15', 2),
('Lucas Almeida', '89012345632', 'lucas.almeida@example.com', 'Garçom', 2200.00, '2024-04-20', 1),
('Amanda Costa', '90123456743', 'amanda.costa@example.com', 'Auxiliar de Cozinha', 1800.00, '2024-04-25', 2),
('Bruno Lima', '01234567857', 'bruno.lima@example.com', 'Cozinheiro', 3000.00, '2024-05-01', 1),
('Larissa Freitas', '12345678968', 'larissa.freitas@example.com', 'Chefe de Cozinha', 5000.00, '2024-05-05', 2),
('Carlos Freitas', '23456789087', 'carlos.freitas@example.com', 'Gerente', 4500.00, '2024-05-10', 1),
('Sofia Oliveira', '34567890198', 'sofia.oliveira@example.com', 'Chefe de Cozinha', 5000.00, '2024-05-15', 2),
('André Santos', '45678901209', 'andre@example.com', 'Cozinheiro', 3000.00, '2024-05-20', 1),
('Luana Almeida', '56789012320', 'luana.almeida@example.com', 'Atendente', 2000.00, '2024-05-25', 2),
('Felipe Souza', '67890123431', 'felipe.souza@example.com', 'Garçom', 2200.00, '2024-06-01', 1),
('Bianca Freitas', '78901234542', 'bianca.freitas@example.com', 'Atendente', 2000.00, '2024-06-05', 2),
('Rodrigo Lima', '89012345643', 'rodrigo.lima@example.com', 'Garçom', 2200.00, '2024-06-10', 1),
('Camila Freitas', '90123456754', 'camila.freitas@example.com', 'Auxiliar de Cozinha', 1800.00, '2024-06-15', 2),
('Eduardo Costa', '01234567868', 'eduardo.costa@example.com', 'Cozinheiro', 3000.00, '2024-06-20', 1),
('Juliana Martins', '12345678979', 'juliana.martins@example.com', 'Chefe de Cozinha', 5000.00, '2024-06-25', 2),
('Lucas Andrade', '23456789098', 'lucas.andrade@example.com', 'Gerente', 4500.00, '2024-07-01', 1),
('Patrícia Lima', '34567890109', 'patricia.lima@example.com', 'Chefe de Cozinha', 5000.00, '2024-07-05', 2),
('Ricardo Souza', '45678901210', 'ricardo.souza@example.com', 'Cozinheiro', 3000.00, '2024-07-10', 1),
('Jéssica Almeida', '56789012321', 'jessica.almeida@example.com', 'Atendente', 2000.00, '2024-07-15', 2),
('Tiago Freitas', '67890123442', 'tiago.freitas@example.com', 'Garçom', 2200.00, '2024-07-20', 1),
('Ana Beatriz', '78901234553', 'ana.beatriz@example.com', 'Atendente', 2000.00, '2024-07-25', 2),
('Daniel Freitas', '89012345654', 'daniel.freitas@example.com', 'Garçom', 2200.00, '2024-08-01', 1),
('Rafaela Lima', '90123456765', 'rafaela.lima@example.com', 'Auxiliar de Cozinha', 1800.00, '2024-08-05', 2),
('Guilherme Santos', '01234567879', 'guilherme.santos@example.com', 'Cozinheiro', 3000.00, '2024-08-10', 1),
('Mariana Almeida', '12345678980', 'mariana.almeida@example.com', 'Chefe de Cozinha', 5000.00, '2024-08-15', 2),
('Leonardo Oliveira', '23456789009', 'leonardo.oliveira@example.com', 'Gerente', 4500.00, '2024-08-20', 1),
('Laura Martins', '34567890110', 'laura.martins@example.com', 'Chefe de Cozinha', 5000.00, '2024-08-25', 2),
('Felipe Silva', '45678901221', 'felipe.silva@example.com', 'Cozinheiro', 3000.00, '2024-09-01', 1),
('Isabel Costa', '56789012332', 'isabel.costa@example.com', 'Atendente', 2000.00, '2024-09-05', 2),
('Gustavo Freitas', '67890123443', 'gustavo.freitas@example.com', 'Garçom', 2200.00, '2024-09-10', 1),
('Mariana Freitas', '78901234564', 'mariana.freitas@example.com', 'Atendente', 2000.00, '2024-09-15', 2),
('Victor Lima', '89012345675', 'victor.lima@example.com', 'Garçom', 2200.00, '2024-09-20', 1),
('Tatiane Costa', '90123456786', 'tatiane.costa@example.com', 'Auxiliar de Cozinha', 1800.00, '2024-09-25', 2),
('Roberto Souza', '01234567880', 'roberto.souza@example.com', 'Cozinheiro', 3000.00, '2024-10-01', 1),
('Lívia Martins', '12345678991', 'livia.martins@example.com', 'Chefe de Cozinha', 5000.00, '2024-10-05', 2)

-- Tabela de Prato
CREATE TABLE prato (
    id_prato SERIAL PRIMARY KEY,
    nome_prato VARCHAR(100),
    descricao TEXT,
    preco DECIMAL(10, 2)
);

-- Inserindo dados na tabela de Prato
INSERT INTO prato (nome_prato, descricao, preco) VALUES
('Moussaka', 'Típico prato grego feito com camadas de carne moída, berinjela e batata, coberto com molho bechamel.', 45.00),
('Souvlaki', 'Espetinho de carne grelhada, geralmente acompanhado de pão pita e molhos.', 25.00),
('Tzatziki', 'Molho de iogurte com pepino e alho, tradicionalmente servido como entrada.', 15.00),
('Gyro', 'Carne assada no espeto, servida em pão pita com vegetais e molho.', 30.00),
('Baklava', 'Sobremesa feita com massa folhada, mel e nozes.', 20.00),
('Spanakopita', 'Torta de espinafre e queijo feta envolta em massa folhada.', 22.00),
('Dolmades', 'Folhas de uva recheadas com arroz e ervas, servidas como entrada.', 18.00),
('Kleftiko', 'Cordeiro assado lentamente, temperado com alho e ervas.', 55.00),
('Fava', 'Purê de favas amarelas, servido com azeite e cebola.', 15.00),
('Loukoumades', 'Bolinhas fritas de massa cobertas com mel e canela.', 20.00),
('Pastitsio', 'Lasanha grega feita com camadas de macarrão, carne moída e molho bechamel.', 40.00),
('Saganaki', 'Queijo frito, geralmente servido como entrada.', 25.00),
('Gemista', 'Tomates e pimentões recheados com arroz, ervas e às vezes carne moída.', 30.00),
('Horiatiki', 'Salada grega tradicional com tomate, pepino, cebola, azeitonas e queijo feta.', 18.00),
('Kolokithokeftedes', 'Bolinho de abobrinha e queijo feta.', 22.00),
('Avgolemono', 'Sopa grega de frango com arroz, engrossada com uma mistura de ovo e limão.', 28.00),
('Koulouri', 'Rosca de pão coberta com sementes de gergelim, geralmente servida no café da manhã.', 12.00),
('Fasolada', 'Sopa de feijão branco com azeite, tomate e ervas.', 18.00),
('Stifado', 'Ensopado de carne com cebolas, vinho tinto e especiarias.', 48.00),
('Galaktoboureko', 'Sobremesa feita com massa folhada e recheio de creme de sêmola, regada com calda de açúcar.', 25.00),
('Briam', 'Prato vegetariano de legumes assados, como abobrinha, batata, tomate e cebola.', 22.00),
('Tiropita', 'Torta de queijo feta envolta em massa filo.', 20.00),
('Skordalia', 'Purê de batata com bastante alho, servido como acompanhamento.', 15.00),
('Xtapodi', 'Polvo grelhado com azeite, alho e ervas.', 60.00),
('Kataifi', 'Sobremesa feita com massa de fios finos, recheada com nozes e coberta com calda de mel.', 22.00),
('Revani', 'Bolo de semolina embebido em calda de laranja ou limão.', 18.00),
('Bougatsa', 'Torta doce com recheio de creme de semolina e coberta com açúcar de confeiteiro.', 20.00).

-- Tabela de Estoque
CREATE TABLE estoque (
    id_estoque SERIAL PRIMARY KEY,
    id_prato BIGINT UNSIGNED,
    quantidade INT,
    data_atualizacao DATE,
    FOREIGN KEY (id_prato) REFERENCES prato (id_prato)
);

-- Inserindo dados na tabela de Estoque
INSERT INTO estoque (id_prato, quantidade, data_atualizacao) VALUES
(1, 50, '2023-08-01'),
(2, 40, '2023-08-02'),
(3, 60, '2023-08-03'),
(4, 30, '2023-08-04'),
(5, 70, '2023-08-05'),
(6, 45, '2023-08-06'),
(7, 35, '2023-08-07'),
(8, 25, '2023-08-08'),
(9, 50, '2023-08-09'),
(10, 60, '2023-08-10'),
(11, 55, '2023-08-11'),
(12, 65, '2023-08-12'),
(13, 75, '2023-08-13'),
(14, 40, '2023-08-14'),
(15, 55, '2023-08-15'),
(16, 60, '2023-08-16'),
(17, 45, '2023-08-17'),
(18, 35, '2023-08-18'),
(19, 50, '2023-08-19'),
(20, 70, '2023-08-20'),
(21, 30, '2023-08-21'),
(22, 65, '2023-08-22'),
(23, 75, '2023-08-23'),
(24, 50, '2023-08-24'),
(25, 60, '2023-08-25'),
(26, 45, '2023-08-26'),
(27, 35, '2023-08-27'),
(28, 25, '2023-08-28'),
(29, 70, '2023-08-29'),
(30, 55, '2023-08-30'),
(31, 60, '2023-08-31'),
(32, 40, '2023-09-01'),
(33, 50, '2023-09-02'),
(34, 45, '2023-09-03'),
(35, 35, '2023-09-04'),
(36, 70, '2023-09-05'),
(37, 60, '2023-09-06'),
(38, 55, '2023-09-07'),
(39, 30, '2023-09-08'),
(40, 65, '2023-09-09'),
(41, 75, '2023-09-10'),
(42, 50, '2023-09-11'),
(43, 60, '2023-09-12'),
(44, 45, '2023-09-13'),
(45, 35, '2023-09-14'),
(46, 25, '2023-09-15'),
(47, 70, '2023-09-16'),
(48, 55, '2023-09-17'),
(49, 60, '2023-09-18'),
(50, 40, '2023-09-19'),
(51, 50, '2023-09-20'),
(52, 65, '2023-09-21'),
(53, 75, '2023-09-22'),
(54, 30, '2023-09-23'),
(55, 55, '2023-09-24'),
(56, 60, '2023-09-25'),
(57, 45, '2023-09-26'),
(58, 35, '2023-09-27'),
(59, 70, '2023-09-28'),
(60, 50, '2023-09-29'),
(61, 65, '2023-09-30')


-- Tabela de Fornecedor
CREATE TABLE fornecedor (
    id_fornecedor SERIAL PRIMARY KEY,
    nome_fornecedor VARCHAR(100),
    contato VARCHAR(100),
    endereco VARCHAR(255)
);

-- Inserindo dados na tabela de Fornecedor
INSERT INTO fornecedor (nome_fornecedor, contato, endereco) VALUES
('Fornecedor A', 'fornecedor_a@example.com', 'Rua dos Fornecedores, 100'),
('Fornecedor B', 'fornecedor_b@example.com', 'Avenida das Indústrias, 200'),
('Fornecedor C', 'fornecedor_c@example.com', 'Travessa Comercial, 300'),
('Fornecedor D', 'fornecedor_d@example.com', 'Rua Principal, 400'),
('Fornecedor E', 'fornecedor_e@example.com', 'Avenida Central, 500'),
('Fornecedor F', 'fornecedor_f@example.com', 'Rua das Indústrias, 600'),
('Fornecedor G', 'fornecedor_g@example.com', 'Avenida dos Fornecedores, 700'),
('Fornecedor H', 'fornecedor_h@example.com', 'Travessa Industrial, 800'),
('Fornecedor I', 'fornecedor_i@example.com', 'Rua Comercial, 900'),
('Fornecedor J', 'fornecedor_j@example.com', 'Avenida dos Negócios, 1000'),
('Fornecedor K', 'fornecedor_k@example.com', 'Rua dos Serviços, 1100'),
('Fornecedor L', 'fornecedor_l@example.com', 'Avenida das Empresas, 1200'),
('Fornecedor M', 'fornecedor_m@example.com', 'Travessa do Comércio, 1300'),
('Fornecedor N', 'fornecedor_n@example.com', 'Rua Industrial, 1400'),
('Fornecedor O', 'fornecedor_o@example.com', 'Avenida Empresarial, 1500'),
('Fornecedor P', 'fornecedor_p@example.com', 'Travessa Comercial, 1600'),
('Fornecedor Q', 'fornecedor_q@example.com', 'Rua dos Negócios, 1700'),
('Fornecedor R', 'fornecedor_r@example.com', 'Avenida dos Serviços, 1800'),
('Fornecedor S', 'fornecedor_s@example.com', 'Rua das Empresas, 1900'),
('Fornecedor T', 'fornecedor_t@example.com', 'Travessa dos Fornecedores, 2000'),
('Fornecedor U', 'fornecedor_u@example.com', 'Rua do Comércio, 2100'),
('Fornecedor V', 'fornecedor_v@example.com', 'Avenida Industrial, 2200'),
('Fornecedor W', 'fornecedor_w@example.com', 'Travessa Empresarial, 2300'),
('Fornecedor X', 'fornecedor_x@example.com', 'Rua Comercial, 2400'),
('Fornecedor Y', 'fornecedor_y@example.com', 'Avenida dos Negócios, 2500'),
('Fornecedor Z', 'fornecedor_z@example.com', 'Rua das Indústrias, 2600');


-- Tabela de Reserva
CREATE TABLE reserva (
id_reserva SERIAL PRIMARY KEY,
id_usuario BIGINT UNSIGNED,
id_prato BIGINT UNSIGNED,
data_reserva DATE,
quantidade INT,
status VARCHAR(100),
FOREIGN KEY (id_usuario) REFERENCES usuario (id_usuario),
FOREIGN KEY (id_prato) REFERENCES prato (id_prato)
);

-- Inserindo dados na tabela de Reserva
INSERT INTO reserva (id_usuario, id_prato, data_reserva, quantidade, status) VALUES
(1, 1, '2023-08-11', 2, 'Confirmada'),
(2, 2, '2023-08-12', 3, 'Pendente'),
(3, 3, '2023-08-13', 1, 'Cancelada'),
(4, 4, '2023-08-14', 4, 'Confirmada'),
(5, 5, '2023-08-15', 2, 'Confirmada'),
(6, 6, '2023-08-16', 3, 'Pendente'),
(7, 7, '2023-08-17', 1, 'Confirmada'),
(8, 8, '2023-08-18', 4, 'Cancelada'),
(9, 9, '2023-08-19', 2, 'Confirmada'),
(10, 10, '2023-08-20', 3, 'Pendente'),
(11, 11, '2023-08-21', 1, 'Confirmada'),
(12, 12, '2023-08-22', 2, 'Cancelada'),
(13, 13, '2023-08-23', 3, 'Confirmada'),
(14, 14, '2023-08-24', 4, 'Pendente'),
(15, 15, '2023-08-25', 1, 'Cancelada'),
(16, 16, '2023-08-26', 2, 'Confirmada'),
(17, 17, '2023-08-27', 3, 'Pendente'),
(18, 18, '2023-08-28', 4, 'Confirmada'),
(19, 19, '2023-08-29', 1, 'Cancelada'),
(20, 20, '2023-08-30', 2, 'Confirmada'),
(21, 21, '2023-08-31', 3, 'Pendente'),
(22, 22, '2023-09-01', 4, 'Cancelada'),
(23, 23, '2023-09-02', 1, 'Confirmada'),
(24, 24, '2023-09-03', 2, 'Pendente'),
(25, 25, '2023-09-04', 3, 'Cancelada'),
(26, 26, '2023-09-05', 4, 'Confirmada'),
(27, 27, '2023-09-06', 1, 'Pendente'),
(28, 28, '2023-09-07', 2, 'Cancelada'),
(29, 29, '2023-09-08', 3, 'Confirmada'),
(30, 30, '2023-09-09', 4, 'Pendente'),
(31, 31, '2023-09-10', 1, 'Cancelada'),
(32, 32, '2023-09-11', 2, 'Confirmada'),
(33, 33, '2023-09-12', 3, 'Pendente'),
(34, 34, '2023-09-13', 4, 'Confirmada'),
(35, 35, '2023-09-14', 1, 'Pendente'),
(36, 36, '2023-09-15', 2, 'Cancelada'),
(37, 37, '2023-09-16', 3, 'Confirmada'),
(38, 38, '2023-09-17', 4, 'Pendente'),
(39, 39, '2023-09-18', 1, 'Cancelada'),
(40, 40, '2023-09-19', 2, 'Confirmada'),
(41, 41, '2023-09-20', 3, 'Pendente'),
(42, 42, '2023-09-21', 4, 'Confirmada'),
(43, 43, '2023-09-22', 1, 'Cancelada'),
(44, 44, '2023-09-23', 2, 'Confirmada'),
(45, 45, '2023-09-24', 3, 'Pendente'),
(46, 46, '2023-09-25', 4, 'Confirmada'),
(47, 47, '2023-09-26', 1, 'Pendente'),
(48, 48, '2023-09-27', 2, 'Cancelada'),
(49, 49, '2023-09-28', 3, 'Confirmada'),
(50, 50, '2023-09-29', 4, 'Pendente'),
(51, 51, '2023-09-30', 1, 'Cancelada');

-- Tabela de Login
CREATE TABLE login (
    id_login SERIAL PRIMARY KEY,
    email VARCHAR(100) UNIQUE,
    senha VARCHAR(100),
    FOREIGN KEY (email) REFERENCES usuario (email)
);

-- Inserindo dados na tabela de Login
INSERT INTO login (email, senha) VALUES
('lucas.lima@example.com', 'senha123'),
('aline.costa@example.com', 'senha123'),
('fernando.rocha@example.com', 'senha123'),
('juliana.alves@example.com', 'senha123'),
('roberto.dias@example.com', 'senha123'),
('marcia.soares@example.com', 'senha123'),
('renato.martins@example.com', 'senha123'),
('patricia.pires@example.com', 'senha123'),
('guilherme.torres@example.com', 'senha123'),
('fabiana.rocha@example.com', 'senha123'),
('vinicius.santos@example.com', 'senha123'),
('cinthia.lopes@example.com', 'senha123'),
('rafael.nascimento@example.com', 'senha123'),
('bruna.silva@example.com', 'senha123'),
('eduardo.martins@example.com', 'senha123'),
('larissa.oliveira@example.com', 'senha123'),
('tiago.gomes@example.com', 'senha123'),
('sofia.almeida@example.com', 'senha123'),
('bruno.ferreira@example.com', 'senha123'),
('mariana.freitas@example.com', 'senha123'),
('felipe.mendes@example.com', 'senha123'),
('rafaela.pereira@example.com', 'senha123'),
('samuel.costa@example.com', 'senha123'),
('jessica.ribeiro@example.com', 'senha123'),
('anderson.lima@example.com', 'senha123'),
('tatiane.silva@example.com', 'senha123'),
('leandro.santos@example.com', 'senha123'),
('natalia.costa@example.com', 'senha123'),
('hugo.almeida@example.com', 'senha123'),
('gisele.martins@example.com', 'senha123'),
('daniel.souza@example.com', 'senha123'),
('claudia.pires@example.com', 'senha123'),
('sergio.rocha@example.com', 'senha123'),
('michele.oliveira@example.com', 'senha123'),
('diego.ferreira@example.com', 'senha123'),
('patricia.almeida@example.com', 'senha123'),
('vinicius.torres@example.com', 'senha123'),
('fatima.gomes@example.com', 'senha123'),
('cesar.lima@example.com', 'senha123'),
('robson.nascimento@example.com', 'senha123'),
('silvana.freitas@example.com', 'senha123'),
('gustavo.ribeiro@example.com', 'senha123'),
('natalia.martins@example.com', 'senha123'),
('adriano.ferreira@example.com', 'senha123'),
('lucia.almeida@example.com', 'senha123'),
('ricardo.torres@example.com', 'senha123'),
('vanessa.silva@example.com', 'senha123'),
('hugo.martins@example.com', 'senha123'),
('juliana.costa@example.com', 'senha123'),
('thiago.lima@example.com', 'senha123'),
('caroline.ferreira@example.com', 'senha123'),
('leandro.ribeiro@example.com', 'senha123'),
('aline.souza@example.com', 'senha123'),
('felipe.almeida@example.com', 'senha123'),
('sabrina.gomes@example.com', 'senha123'),
('renato.pires@example.com', 'senha123'),
('camila.costa@example.com', 'senha123'),
('eduardo.martins@example.com', 'senha123'),
('talita.lima@example.com', 'senha123'),
('thiago.santos@example.com', 'senha123'),
('patricia.ribeiro@example.com', 'senha123'),
('gustavo.torres@example.com', 'senha123'),
('jessica.nascimento@example.com', 'senha123'),
('andre.almeida@example.com', 'senha123'),
('karina.oliveira@example.com', 'senha123'),
('fernando.lima@example.com', 'senha123'),
('mariana.silva@example.com', 'senha123'),
('lucas.ferreira@example.com', 'senha123'),
('tatiane.almeida@example.com', 'senha123'),
('robson.martins@example.com', 'senha123'),
('leticia.gomes@example.com', 'senha123'),
('diego.ribeiro@example.com', 'senha123'),
('carla.freitas@example.com', 'senha123'),
('victor.almeida@example.com', 'senha123'),
('renata.lima@example.com', 'senha123'),
('guilherme.nascimento@example.com', 'senha123'),
('michele.costa@example.com', 'senha123'),
('samuel.pires@example.com', 'senha123'),
('natalia.almeida@example.com', 'senha123'),
('adriano.gomes@example.com', 'senha123'),
('viviane.torres@example.com', 'senha123'),
('claudio.silva@example.com', 'senha123'),
('sabrina.costa@example.com', 'senha123'),
('fernando.ribeiro@example.com', 'senha123'),
('jessica.freitas@example.com', 'senha123'),
('thiago.nascimento@example.com', 'senha123'),
('tatiane.silva@example.com', 'senha123'),
('hugo.costa@example.com', 'senha123'),
('camila.almeida@example.com', 'senha123'),
('andre.lima@example.com', 'senha123'),
('sergio.torres@example.com', 'senha123'),
('tatiana.oliveira@example.com', 'senha123'),
('gustavo.silva@example.com', 'senha123'),
('joana.souza@example.com', 'senha123'),
('carlos.martins@example.com', 'senha123'),
('priscila.rocha@example.com', 'senha123'),
('renato.silva@example.com', 'senha123'),
('daniela.freitas@example.com', 'senha123'),
('flavio.ribeiro@example.com', 'senha123'),
('carla.oliveira@example.com', 'senha123'),
('rodrigo.martins@example.com', 'senha123'),
('patricia.alves@example.com', 'senha123'),
('andrea.santos@example.com', 'senha123'),
('roberto.costa@example.com', 'senha123'),
('lilian.almeida@example.com', 'senha123'),
('daniel.silva@example.com', 'senha123'),
('mario.souza@example.com', 'senha123'),
('viviane.freitas@example.com', 'senha123'),
('fernando.gomes@example.com', 'senha123'),
('beatriz.torres@example.com', 'senha123'),
('karla.martins@example.com', 'senha123'),
('wagner.silva@example.com', 'senha123'),
('luciana.rodrigues@example.com', 'senha123'),
('ana.costa@example.com', 'senha123'),
('paulo.souza@example.com', 'senha123'),
('regina.alves@example.com', 'senha123'),
('andre.rocha@example.com', 'senha123'),
('rafaela.gomes@example.com', 'senha123'),
('henrique.freitas@example.com', 'senha123'),
('tania.costa@example.com', 'senha123'),
('marcelo.silva@example.com', 'senha123'),
('camila.martins@example.com', 'senha123'),
('tiago.souza@example.com', 'senha123'),
('joao.alves@example.com', 'senha123'),
('aline.oliveira@example.com', 'senha123'),
('fernanda.silva@example.com', 'senha123'),
('vitor.freitas@example.com', 'senha123'),
('leandro.gomes@example.com', 'senha123'),
('renata.martins@example.com', 'senha123'),
('aline.ferreira@example.com', 'senha123'),
('luciano.silva@example.com', 'senha123'),
('juliana.martins@example.com', 'senha123'),
('rodrigo.santos@example.com', 'senha123'),
('clara.alves@example.com', 'senha123'),
('bruno.rocha@example.com', 'senha123'),
('leticia.oliveira@example.com', 'senha123'),
('danilo.silva@example.com', 'senha123'),
('luis.martins@example.com', 'senha123'),
('paula.freitas@example.com', 'senha123'),
('fabio.santos@example.com', 'senha123'),
('maria.silva@example.com', 'senha123'),
('ricardo.martins@example.com', 'senha123'),
('ana.oliveira@example.com', 'senha123'),
('hugo.souza@example.com', 'senha123'),
('larissa.silva@example.com', 'senha123'),
('davi.martins@example.com', 'senha123'),
('livia.gomes@example.com', 'senha123'),
('antonio.freitas@example.com', 'senha123'),
('rafael.souza@example.com', 'senha123'),
('karina.silva@example.com', 'senha123'),
('lucas.martins@example.com', 'senha123'),
('andre.freitas@example.com', 'senha123'),
('carlos.silva@example.com', 'senha123'),
('fernanda.gomes@example.com', 'senha123'),
('eduardo.martins@example.com', 'senha123'),
('natalia.silva@example.com', 'senha123'),
('marcos.freitas@example.com', 'senha123'),
('paulo.santos@example.com', 'senha123'),
('andrea.silva@example.com', 'senha123'),
('maria.gomes@example.com', 'senha123'),
('pedro.souza@example.com', 'senha123'),
('luciana.martins@example.com', 'senha123'),
('renato.silva@example.com', 'senha123'),
('bruno.gomes@example.com', 'senha123'),
('tania.souza@example.com', 'senha123'),
('marcelo.martins@example.com', 'senha123'),
('patricia.silva@example.com', 'senha123'),
('felipe.gomes@example.com', 'senha123'),
('ana.martins@example.com', 'senha123'),
('paula.silva@example.com', 'senha123'),
('camila.souza@example.com', 'senha123'),
('roberto.freitas@example.com', 'senha123'),
('guilherme.silva@example.com', 'senha123'),
('anderson.martins@example.com', 'senha123'),
('carolina.silva@example.com', 'senha123'),
('beatriz.souza@example.com', 'senha123'),
('tiago.silva@example.com', 'senha123'),
('daniel.martins@example.com', 'senha123'),
('juliana.souza@example.com', 'senha123'),
('michele.silva@example.com', 'senha123'),
('gabriel.martins@example.com', 'senha123'),
('patricia.freitas@example.com', 'senha123'),
('carlos.gomes@example.com', 'senha123'),
('rafaela.silva@example.com', 'senha123'),
('joao.martins@example.com', 'senha123'),
('tania.silva@example.com', 'senha123'),
('eduardo.souza@example.com', 'senha123'),
('fabiana.martins@example.com', 'senha123'),
('andre.gomes@example.com', 'senha123'),
('carolina.martins@example.com', 'senha123'),
('juliana.silva@example.com', 'senha123'),
('luciano.martins@example.com', 'senha123'),
('pedro.silva@example.com', 'senha123'),
('ana.martins@example.com', 'senha123'),
('marcio.freitas@example.com', 'senha123'),
('rafael.silva@example.com', 'senha123')
